locationId,food,facility,price,service,location
456980,0.260911354,0.279648425,0.324672222,0.308043697,0.31119403
559946,0.378233953,0.370995451,0.242881633,0.486788159,0.451714181
615722,0.57546,0.320334483,0,0.456544444,0.6874
621113,0,0.16145,0,-0.4484,0.7906
621820,0.047497368,0.046077778,-0.418333333,-0.0020125,0.008948485
626362,0.2956705,0.351668568,0.281190909,0.425992117,0.344648008
634749,0.431396885,0.390815317,0.286259777,0.499085083,0.425039978
648917,0.395140436,0.319518287,0.258107692,0.485250737,0.395010327
655574,0.224725146,0.200916431,0.348225,0.369448113,0.197529508
656454,0.372087571,0.407419725,0.4866,0.515177863,0.412055034
734734,0.194866667,0.144114706,0.253175,0.32132,0.260725
844619,0.1952,0.115335204,0.041233333,0.223466667,0.091661538
952424,0.167201923,0.207168939,0.248222222,0.414422222,0.426934211
1005861,0.232646875,0.261023438,0.64788,0.369305556,0.158796552
1007499,-0.124575,-0.062833333,0,0,0.5267
1048065,0.11636,0.092679167,0,0.23416,0.30664
1104685,0.3426,0.1859,0,0.5893,0.346666667
1119651,0.333832121,0.243200957,0.138030952,0.39299913,0.371460465
1143622,-0.3318,0.077858824,0.4404,0.276783333,0.311033333
1146090,0.1491379,0.172428381,0.233404167,0.203726282,0.224806471
1174442,0.329632596,0.348389537,0.390062222,0.4475156,0.387212128
1192798,0.069958824,0.134247059,0.44769,0.134714286,0.193044
1200656,0.415357143,0.400814557,0.2235,0.568701695,0.581659155
1213456,0.196466038,0.166292308,0.138881818,0.2482,0.219751613
1224589,0.242247368,0.276934211,0.36684,0.40221,0.341378571
1227271,0.2202,0.18988,0.2202,0.554516667,0.415514286
1227273,0,0.0991,0.4434,0,0.1607
1227279,0.366069231,0.243663492,0.408916667,0.399160714,0.402267857
1227281,0.065427907,0.03754065,0.216445455,0.026488235,0.076655102
1227381,0.100934286,0.180270526,0.321358333,0.124738462,0.201072973
1308229,0.420215435,0.421250811,0.300548472,0.521811561,0.477312928
1402759,0.5719,0.50665,0,0.5133,0
1410690,0.217973469,0.173866857,0.3156,0.267297059,0.263666667
1414972,-0.0098,0.00175,0.31845,-0.075966667,0.176566667
1447578,0.462571591,0.467454909,0.046815385,0.599068613,0.516230075
1449794,0.201655147,0.243872069,0.3927,0.223440659,0.253477519
1478118,0.113433929,0.129740945,0.12746,0.256777778,0.172248571
1485863,0.303389286,0.239081818,0.3861,0.381235714,0.214785714
1489518,-0.0179,0.155533333,-0.1675,-0.0419,-0.120466667
1490215,0.1531,0.225609091,0.40085,0.2658,0.3243
1515180,0.8228,0.4767,0,0,0
1536713,0,0.347154545,0.6486,-0.23025,0.075433333
1568346,0.065596429,0.12761791,0.044,0.278183784,0.113816176
1583491,0.145781579,0.151528216,0.108325,0.020409859,0.205359756
1626700,0.19664,0.086671429,-0.07605,0.473975,0
1626872,0.2926,0.143185714,0.6996,0.290475,0.610633333
1629270,0.486175,0.227585366,0.369875,0.352271429,0.464965
1650780,0.292866667,-0.0030625,0.5399,-0.0944,0.15098
1728668,0.382851724,0.271710345,-0.0235,0.487365714,0.342136842
1728917,-0.217383333,-0.217304545,0,-0.331775,0.3237
1750491,0.269557143,0.213043915,0.330008333,0.400557692,0.256590411
1751614,0.12067619,0.169456044,0.479514286,0.275191667,0.2903
1752434,0.419899138,0.334907456,0.2172,0.38565,0.449825781
1792003,0.375525296,0.39659638,0.264724194,0.53373,0.449100199
1815433,0.3473,0.283466667,0,0.382025,0.379666667
1816660,0.1883375,0.260433333,0.4404,0.53325,0.203446154
1840354,0,0.7003,0,0,0.4404
1880293,0.3987,0.64839,0.865933333,0.547566667,0.39225
1886772,0.133858333,0.098747368,0.45134,0.072854545,0.245159091
1894065,0.8096,0.4399,0.412366667,0.8055,0.52865
1930272,0.433630706,0.40836307,0.302002429,0.479835393,0.446243192
1934825,0.315990909,0.074664151,0.8957,-0.038242857,0.1114125
1935361,0.376371498,0.389886044,0.400527206,0.481677054,0.387614364
1957233,0.421122222,0.179617442,0.370685714,0.277774074,0.198814286
1988791,0.126024528,0.115652273,0.1755,0.511155,0.218242857
1998581,0.403592308,0.412143208,0.452163158,0.504117778,0.461102663
2005862,0.245252308,0.159298413,0.352375,0.393830435,0.418786047
2035607,0.007608824,0.059582178,0.23638,0.081070833,0.2752875
2043440,0.09686,0.122648333,0.4412,0.43734375,0.04225625
2060713,0.42846055,0.425433945,0.483952542,0.508054098,0.426457511
2065091,0.434289796,0.357424306,0.265278261,0.314875294,0.399429648
2078648,0.23595,0.193805172,0.3385,0.348025,0.4431
2080745,0.274882687,0.273984873,0.139536364,0.35803193,0.362265056
2085075,0.351456364,0.405257561,0.492310345,0.587586957,0.4754325
2087967,0.436285714,0.120561765,0.624633333,0.220914286,0.10125
2141273,0.410027706,0.394967867,0.341159524,0.527159443,0.484052967
2144241,-0.202542857,0.11704375,-0.45225,0.002333333,0.383214286
2155679,0,0.253071429,0,-0.1531,0.881
2171767,0.1485,0.136677778,0,0.53495,0.299855556
2172379,-0.2714,0.13585,0.8689,0.43445,0.8689
2181826,0.1663,0.28777037,0.41095,0.359577778,0.335245455
2216572,0.35328,0.255016,0.69085,0.199342857,0.234857143
2233036,0.154466667,0.105030556,0.3243,0.17216,0.25956
2244754,0.184909091,0.139316505,0.291007692,0.264219444,0.249064912
2244755,0.130973333,0.057866667,0.08645,0.4459,0.241666667
2244761,0.491553299,0.400867378,0.36866,0.483907547,0.504221053
2266673,0.036383333,-0.068465,0.6486,0.49614,-0.132333333
2279498,0.16508,0.253825,0.6486,0.23536,0.303925
2370854,0.440216535,0.348817107,0.245363218,0.520050244,0.414647624
2395960,0.247525,0.054786567,0.2428,0.371011111,0.165752174
2430898,0.218789286,0.216401754,-0.08865,0.55256,0.26515625
2432298,0.176174468,0.22761859,0.146028571,0.196180645,0.304415152
2493949,0.642833333,0.506457143,0.190633333,0.438125,0.81215
2515489,0.71255,0.414770588,0.691,0.63095,0.39542
2537118,-0.044585714,0.067334884,0.451,0.107210526,0.055291667
2540068,-0.4884,0.1669,-0.25,0,0
2589647,0.315939048,0.326915603,0.274766667,0.442948421,0.424808989
2646270,0.164709677,0.158430252,0.0647375,0.211813514,0.150457377
2663223,0.304585714,0.269763158,0.4536,0.424261111,0.2151875
2708415,0.5637,0.19342,0.79905,0.43678,0.3449375
2709154,0.324935,0.349663855,0.623390909,0.503574074,0.486866667
3149367,0.041307407,0.142742105,-0.086933333,0.328029412,0.18019375
3164355,0.22362027,0.266687113,0.317075,0.359918919,0.237773333
3167674,0.373637037,0.365751685,0.289657143,0.487175,0.227310526
3185685,-0.189466667,-0.0189625,0.3069,0.6533,0.3612
3188776,0.237648571,0.119659091,0.4927,0.297639286,0.097611905
3191066,0,-0.27817,0,0,-0.27609
3194327,0.11721875,0.071763492,0.6771,-0.013371429,0.072894118
3198442,0.280276,0.392810714,0,0.602559091,0.450632895
3221680,0.408020513,0.429412821,0.5491,0.454451613,0.564190909
3221737,0.3270625,-0.029104,-0.195,0.535075,0.192
3222665,0.3892,0.304266667,0,0.4384,0
3228983,0.600266667,0.209515385,0.636,0.086925,-0.146133333
3229221,0,0,0,0,0
3229240,0.1491625,0.313107692,0.4199,0.4472,0.22925
3229325,0.07101087,0.030607273,0.86695,0.372158824,0.206813333
3229392,0.50965,0.438207692,0.56675,0,0.360733333
3237706,0.340846377,0.397643333,0.2492,0.664413725,0.430613433
3241529,0.7192,0,0,0,0
3242861,0.301291667,0.212676,0.25168,0.355483333,0.363433333
3242867,-0.1204,0.14745,0,0,0
3308809,0.588236364,0.3768,0.124711111,0.4094,0.462069231
3308856,0.53965,0.339355556,0,0.57145,0.111183333
3309038,0,-0.091833333,0,0,0
3309124,0.355685714,0.018519048,0.8857,0.049457143,0.25074
3309139,0,-0.23604,0.9127,0.3432,0.202275
3309445,0.310633333,0.287928571,0,0.0824,0.696133333
3309853,0.289217143,0.290668421,0.5151,0.58553871,0.42728
3309863,0.120653333,0.2657275,0.5379,0.421711111,0.30435
3309952,0.377946757,0.40532849,0.29071087,0.439528772,0.469390268
3310165,0.0569,0.135981818,0,0,-0.111325
3310243,-0.162155556,-0.042242857,0,-0.6277,0.009575
3313479,0.446194118,0.274879487,0.50615,0.49305,0.305483333
3316221,0.233733645,0.29319204,0.255123077,0.365616438,0.326002632
3318087,0.163267213,0.259704717,0.596583333,0.314535714,0.434229167
3324080,0.289025,0.202025,0.34,0.441933333,0
3334545,0.500603934,0.490904117,0.619558333,0.598810262,0.515443144
3357190,0.6361,0.024933333,0,0.11615,0.41735
3357199,0.4019,0.24905,0.758,0.677716667,0
3365163,0.418,0.836,0,0,0
3452704,0,0.139866667,0.4927,0.4753,0.5719
3478823,0.134225,0.382928571,0.5023,-0.365533333,0.406928571
3504912,0.362330271,0.403646545,0.341575758,0.534816599,0.421233615
3510282,0.22446,0.157563542,0.467057143,0.360260714,0.083701961
3518574,0.459177143,0.399738462,0.010025,0.23425,0.442308861
3522226,0.007057143,0.221840984,0.926,0.406366667,0.28521875
3522574,0,0.8934,0,0,0
3753034,0.35302963,0.317755294,-0.1472,0.45687931,0.376051923
3785486,0.251898795,0.339966102,0.552022727,0.34785,0.315915957
3794032,0.364065517,0.379547945,0.3022375,0.495283333,0.470055556
3794119,-0.023883333,0.222386667,0.7351,0.05196,0.064433333
3794123,0.001721429,0.141561111,0.77626,0.228871429,0.122273333
3794140,0.52935,0.315447222,0.552475,0.24194,0.315693333
3794157,0.148542857,0.224713793,0.4293,0.49874,0.337406667
3794508,0.3682,0.112157143,0,0,0
3794599,0.148275,0.042536364,0.9589,0.0982,-0.3533
3794803,0,0.18655,0,0.6467,0
3794884,0.310633333,0.126621429,-0.3034,0.127033333,0.259851389
3794932,0.215366667,0.31642,0,0.87375,0.2573
3794949,-0.1154,-0.200177778,0,-0.247666667,0
3795152,0,0.282733333,0.7227,0.7227,0.7227
3795153,0.485084906,0.435766304,0.1806,0.312594444,0.550736585
3795191,-0.2548,-0.366416667,0,0.146114286,0.5994
3795284,0.9599,0.3595,0,-0.36425,0
3795416,0,-0.5502,0,-0.5502,-0.5502
3800222,0.415648889,0.354521053,0.435066667,0.508639655,0.580025
3801212,0.476643653,0.376615406,0.515073684,0.670211404,0.525134455
3836897,0.518806061,0.456841975,0.6997,0.519913636,0.464747059
3947026,-0.3412,-0.148,0,-0.3412,0
3962077,-0.296,0.0409,0.3927,-0.2362,0.420636364
4005489,0.127383333,0.2659875,0.161933333,0.060133333,0.081433333
4036900,-0.9366,0.2711,0,0.0621,0.6239
4036920,0.607370833,0.383205882,0,0.587483333,0.554235484
4056117,0.386991525,0.349629655,0.47471875,0.335666667,0.476571429
4059511,0.457197458,0.382844015,0.552412245,0.493496791,0.44226178
4059676,0.58665,0.540825,0.6538,0.6926,0.744266667
4082290,0.45058,-0.0069,0,-0.718,0.210725
4131331,0,0.2435,0,0.2986,0.20095
4131827,0.2543,0.169557778,-0.2023,0.360953846,0.23073125
4167614,0,0.4003,0,0,0
4200404,0.238142857,0.247618667,0.625884615,0.409925,0.31835
4207067,-0.0206,-0.0444,-0.5267,0.265414286,0.145714286
4208214,-0.1366,0,0,0,0.3182
4231943,0.35643375,0.21329771,0.386206667,0.332769159,0.223152066
4235832,-0.296,-0.041883333,0,0.14988,-0.50385
4274066,0.25471,0.138191667,-0.2584,0.188175,0.0267
4325402,0,0.222,0,0.402933333,0
4326371,0.256423529,0.160467213,0.331166667,0.349777778,0.339066667
4327499,0,-0.260733333,0,0.501,0.5362
4327529,0.534876351,0.456269679,0.438175862,0.5934625,0.575871667
4327935,0.220082128,0.250677868,0.242894737,0.364305394,0.427072768
4328294,0.598,0.420475,0,-0.3804,0.4404
4328716,0.505933129,0.461681265,0.225977778,0.462736735,0.494782168
4331436,0,0.05097619,0,0.164633333,0.20895
4331485,0.497198246,0.457946763,0.647447368,0.697557692,0.56765
4331490,0,0.4215,0,0,0.4215
4353448,0.373733333,0.509152632,0.7494,0.665725,0.4345
4353908,0.533855696,0.482221168,0.8908,0.6187625,0.582470213
4354810,0.470823219,0.414123467,0.49292439,0.591808276,0.531198127
4367798,0.5719,0.398933333,0.5719,0,0
4436555,0,0.3249,0,0,0.319766667
4573590,0.405275,0.3206,0.9619,0,0.6808
4599698,0.327413441,0.348274371,0.400828571,0.422773256,0.416392248
4678463,0.42214486,0.384941538,0.295786667,0.5220325,0.529197076
4699396,0.1488125,0.187644,0.102266667,0.6849875,0.5203
4723618,0.772625,0.542088889,0.946,0.6493,0.93665
4725810,0.6992,0.88965,0,0.93475,0.9274
4738120,0.4939,0.491175,0,0,0
4866538,0.9637,0.657833333,0,0.662133333,0.9674
4996396,0.716441667,0.297634211,0.363225,0.765173684,0.6380875
5003202,0.1889125,0.170011765,0,0.117675,-0.0234
5039423,0.405325,0.368054211,0.387446667,0.498302941,0.301661176
5281682,-0.4585,0.11524,0.1265,0.4703,0.2263
5308511,0.260806579,0.225371503,0.425735294,0.348439623,0.227892683
5321757,0.386581633,0.281629167,0.5521,0.395504762,0.451963462
5508713,0.065033333,0.45484,0,0.53265,-0.25
5508765,0.3182,0.105895455,0.5656,0.0336,0.46134
5508964,0.387231613,0.326401248,0.48221831,0.468154545,0.337624506
5509586,0.743,0.46565,0,0.7844,0.743
5524166,0.5039675,0.414654286,0.608733333,0.519192308,0.512613208
5602607,0.3141125,0.307673171,0,0.4067,0.242133333
5608474,0.477151579,0.398734667,0.35442451,0.587478604,0.473672588
5617627,0.437529412,0.352398182,-0.05095,0.394772222,0.247313636
5784629,0.39973159,0.395447144,0.208806061,0.435498383,0.448810891
5784832,-0.012042857,-0.042338462,0,0,0.09495
5823199,0.0753,0.351708696,0.83855,0.2054,0.15678125
5873808,0,-0.4404,0,0,0
5884762,0.519186131,0.431653437,0.393091667,0.423537647,0.425666304
5924152,0,-0.135566667,0,0,0
5958143,0.68305,0.620530769,0.88725,0.9371,0.753075
5975726,0,0,0,0.745,0.745
6028667,0.361378495,0.409850164,0.679885714,0.583083562,0.495613559
6121093,0.288015385,0.316705882,0.41345,0.367406667,0.394305263
6153903,0.319124107,0.356176,0.216588235,0.338234211,0.337532117
6159140,0.410924706,0.351403846,0.3306875,0.465539706,0.434552874
6206786,0.25,0.445,0,0.27882,0.2403375
6216725,0,0.872,0,0.5267,0
6380027,0.323398261,0.336822983,0.429265152,0.513665183,0.417240857
6418668,0.7973,0.3912,0,0,0.2401
6428040,0.535164706,0.448214085,0.698116667,0.665797561,0.485607692
6439725,0.21010303,0.271257971,0.4600125,0.045605556,0.0715
6480600,0.579838889,0.561307059,0.76775,0.629054545,0.606084524
6513783,0.451068243,0.395196689,0.39286,0.529966379,0.462141206
6518409,0.348582353,0.376651899,0,0.683583333,0.427069048
6525075,0.1154,0.36256,0.6908,0.13895,0.29286
6578833,0.26597,0.473107143,0,0,0.0863
6583754,0.04816,0.170114286,0,0.17928,0.29546
6637080,0.596075,0.580166667,0.23645,0.75016,0.788271429
6649336,0.48834,0.72095,0.6249,0,0.5515
6677896,0.345227642,0.374201718,0.21625,0.48443625,0.421526882
6706704,0,0.836,0,0,0
6707252,0.4454,0.235925,-0.101,0.8788,0.533
6716434,-0.8226,-0.52445,-0.52445,-0.52445,0
6770895,0.202811111,0.2945,0.660166667,0.21595,-0.001283333
6827599,0.529383544,0.409713986,0.281183333,0.510143478,0.506786735
6833164,0,0,0,0,0
6834567,0.529025,0.567525806,0,0.554775,0.572055556
6920092,0.807182031,0.757118519,0.652642857,0.834153482,0.814665441
6922304,0.498952326,0.39850582,0.380916667,0.4903875,0.475585926
6936407,0.186180952,-0.0205875,0.26366,0.088792857,0.084836364
6936429,0.213284615,0.381337838,0.49574,0.27889,0.531336364
6936607,0.340545882,0.37965748,0.583963158,0.511947692,0.316985484
6936750,0.6582,0.708766667,0,0.719933333,0
6939614,-0.4215,0.060925,0,0,0
6962610,0.186912069,0.208058929,0.17595,0.1191,0.299484375
7018307,0.086725,0.256507692,0.1591,0.9001,0.29095
7019131,0.397785714,0.491627586,0,0.567907692,0.3699375
7038079,0.386922642,0.372498701,0.60308,0.516590698,0.421288496
7052823,0.419334615,0.357941048,0.347611111,0.526675862,0.580172308
7082073,0.6928,0.395847059,0.6625,0.526725,0.356342857
7149584,0.4404,0.5394,0,0.9382,0
7154748,0,0.573333333,0,0.8777,0
7154752,0.35355,0.03795,0.8953,0,0
7161279,0.5095,0.5095,0,0,0
7177853,0.87585,0.9348,0,0.87585,0.9348
7177867,0,0.252666667,0,0,0.4265
7178455,-0.5358,-0.3689,-0.296,0,0
7178590,0.2263,0.462163636,0.7574,0.766733333,0.6425
7178815,0.6705,0.6705,0,0.6705,0
7180007,0.14820137,0.180235976,0.176372727,0.21598806,0.171371429
7181248,0.81745,0.406533333,0,0.8998,0
7181565,-0.0498,-0.11494,0.9133,0.4075,-0.0386
7181577,-0.30772,-0.146614286,-0.5251,-0.31215,-0.5251
7181614,0.4299,0.65045,0,0,0
7181958,0,0.7579,0,0.7579,0
7182018,0,0,0.34,0.5897,0.4404
7182123,0.1701,0.380375,0,0.4404,0
7182189,0.4215,0.8056,0,0.3612,0.677375
7182205,0.7003,0.83765,0,0.975,0.975
7182229,0.4588,0.46775,0,0,0.46775
7187109,-0.8855,-0.327025,0,0,-0.74875
7187112,0,0,0,0,-0.3919
7193759,0.53108,0.0241875,0,0.57945,0.01375
7193762,0.19806,0.302104348,0.57918,0.18765,0.431992857
7194410,0,-0.48295,0,-0.9659,0
7197838,0,0.9186,0,0,0
7205425,0,0.6542,0,0.6542,0.6542
7211836,0,-0.7727,0,-0.7727,-0.7727
7222246,0,-0.11905,0.4019,-0.43,-0.5423
7226971,0.7612,0.354533333,0.923,0.824166667,0.6822
7226981,0.6705,-0.3818,0.296,0.6705,0.31245
7236735,0.3202,0.227547059,0.37305,0.433016667,0.4017875
7240674,0.03302,-0.05586,0,0,0.06364
7241465,0,0.4927,0,0,0
7241583,0.054655556,0.02422,0.7764,0.264816667,0.317
7244499,0.61265,0.210407692,0.90775,0.769225,0.39234
7249029,0.4689,0.345142857,0,0.34878,0.84915
7249045,0.145975,0.036433333,0,0.2241,0.2746
7249284,0.1468,0.359,0.3548,0.716,0.9381
7249291,0.425575,0.4553,0.8586,0.53445,0.2865
7249327,0,0.8885,0,0.8885,0
7249357,0.1654625,-0.022993333,-0.13775,0.028914286,0.25076
7249388,0.0606,0.1583,0.018375,0.356222222,-0.035121429
7256612,0.190633333,0.21075,0.28595,0,0.42405
7256618,0.2263,0.024266667,0.7579,0,0
7256642,0,0,0,0.9366,0.9366
7256655,-0.296,0.60835,-0.296,0.8316,0.0772
7256710,0,-0.1492,-0.7506,-0.7506,-0.16895
7257050,0.316185714,0.097338889,0.34,0.259433333,0.24845
7257103,0,0.0516,0,0,-0.23545
7257163,0,0,0,0,0
7257167,0.9368,0.9368,0,0,0
7261710,0.6560625,0.288526667,0.4404,0.89775,0.701083333
7288945,0.3961,0.169916667,0,0,0
7309384,0.385703797,0.322827727,0.442946667,0.541182558,0.460555738
7332065,0.627627273,0.533879545,0.4526,0.75292716,0.645551852
7332262,0.1035,0.131969048,0.057966667,0.015477778,0.064208333
7385128,0,0.028,0,0.396533333,-0.083066667
7590935,0,0.313457143,0,0.769,0.330433333
7615448,-0.0613,0.389842857,-0.03065,0.6526,0.72764
7619122,0.45675,0.425477778,0,0.3217,0.34
7623217,0,0.2789,0,0,0.3261
7625761,0.4599,0.33755,0,0.63305,0.4259
7646687,0,0.6124,0,0.4939,0
7648298,0.503074843,0.454403185,0.434037931,0.62284186,0.511391758
7684090,0.979,0.50275,0,0.40035,0.536366667
7691634,0,0.11002,0,0.398,-0.0123
7693532,-0.015085714,0.267819231,0.5859,0.34376,0.123514286
7695652,0.087881818,0.090735484,0.15565,0.285357143,0.3734
7695901,0.467625,0.423726829,0.4887,0.9627,0.565175
7718265,0,0,0,0,-0.3322
7719606,0.342722222,0.14068,0.767366667,0.06462,0.03374
7723514,-0.23835,0.176071429,0,0,0.04605
7726660,0.9382,0.9382,0,0.9382,0
7735669,-0.3418,-0.2513,0,-0.6836,0
7806247,0.439185782,0.373348019,0.507730952,0.469208029,0.444898477
7808999,0.159366921,0.218474907,0.247084314,0.33051978,0.230148166
7827627,0.258501026,0.297807407,0.468583333,0.56498547,0.366351923
7905210,0.315862894,0.359914851,0.326923377,0.426198456,0.400773898
7909260,0.559428976,0.533250338,0.497322857,0.608954374,0.56776928
7911343,0.490116667,0.46689,0.33335,0.7249,0.12915
8006227,-0.8779,0.685,-0.4404,-0.2006,-0.8779
8018377,-0.46825,-0.269242857,0,0,0.24695
8022549,0.6667,0.205733333,0,0.7783,-0.044
8042293,-0.105955556,0.457482759,0.65865,0.492638462,0.464158333
8043297,-0.3291,0.344866667,0.78395,0.6013,0.694175
8090821,0.49980828,0.455334443,0.40613125,0.537975794,0.520989901
8098584,0.446360784,0.441207534,0.57065,0.516826667,0.505276563
8121610,0.4215,0.8718,0.9862,0.6499,0.9862
8130194,0.360584615,0.65695,0.5416,0,0.670611111
8133200,0.102685714,0.221772973,0,0.418016667,0.252111111
8134381,0.281685714,0.210885,0.0276,0.3825,0.2053375
8138461,0.08825,0.180226667,0,0.7178,0.6361
8139336,0.041211765,0.147972581,0,0.14044375,0.384292308
8139602,0.7783,0.7783,0,0,0
8152809,0.1591,0.252466667,0,0,-0.6178
8261057,0.49334,0.474663636,0.6908,0.19265,0.5949625
8261138,0,0.0755,0.92095,0,-0.9486
8284441,0.661777778,0.429726667,0,0.61205,0.699744444
8288320,0.0656,0.652145455,0.862,0.345,0.477133333
8293882,-0.7208,-0.082166667,0,0,0
8296296,0.147266667,0.337696552,0.33684,0.1264,0.2390625
8299322,0.183936364,0.150404348,0.2123,0.56705,0.624742857
8299364,0.440225,0.54289375,0.7351,0.8647,0.442425
8300027,0.635333333,0.485489286,0,0.684218182,0.34906
8307441,0.60664,0.496041667,0,0.10355,0.45092
8307444,0.207292308,0.194991304,0.31845,0.230333333,0.370666667
8331949,0.25115,0.485971429,0.9892,0.3898,0.4167
8338057,0.460760435,0.427957627,0.339575,0.49375873,0.487443986
8431264,0.241269608,0.206046863,0.0691,0.429902564,0.339932075
8459315,0.9559,0.70735,0.9559,0.9559,0.9559
8517695,0.540971795,0.462134971,0.454371429,0.522456522,0.504678344
8535939,0.2019,0.16906,0,0.486484615,0.7253625
8553815,0.232130769,0.219964878,0.419463636,0.347872593,0.329249744
8553821,0.542372277,0.507868452,0.5148,0.575941935,0.552780311
8553974,0,0.4491,0,0.8251,0.4491
8553983,0.24935,0.290046667,-0.296,0,0.5246875
8568669,0.592452174,0.524567442,0.433625,0.628892308,0.622042857
8595278,0.343723267,0.365082114,0.481953846,0.51385188,0.41301506
8595283,0.380616667,0.317391429,0.5415,-0.03175,0.43614
8595503,0.45643125,0.480924793,0.567478947,0.595978824,0.551905732
8595504,0,-0.046766667,0,0.20095,-0.3575
8607940,0.08275,0.431,0.431,0.08275,-0.2163
8608591,0.781166667,0.84206,0.6369,0,0.68212
8627190,0.332,0.374118182,0,0.360488889,-0.149769231
8627207,0.2742,0.407888889,0.296,0,0.1204
8643174,0.491963158,0.38743629,0.58295,0.349230556,0.497773913
8646987,-0.23835,0.20072,0,0.91235,0.9099
8672416,0.6249,0,0,0,0.6249
8676921,0.54466,0.368492857,0.2785875,0.107925,0.255128571
8683291,0.327875,0.356914286,0.30855,0.5655,0.65224
8685835,0.647024,0.456957143,0.510766667,0.670178571,0.564764286
8685902,0,0.68115,0,0.8856,0
8686892,0.257166667,0.12079697,0.05745,0.4803,0.1283
8704090,0.6458,0,0,0,0
8705034,0.8765,0,0,0,0.8765
8705108,0,0,0,0.2295,0.2295
8706900,0,0,0,0,0
8706968,0.5487,0.3745,0.2003,0,0.2003
8709739,0.255475,0.3308,0,0.24715,0.440366667
8719308,0.6403,0.66741,0,0.966533333,0.821366667
8719856,0.2382,0.546466667,0.2382,0.4188,0.7006
8755060,0.420985714,0.48388,0.8979,0.315533333,0.6172
8774806,0.552185374,0.544753761,0.40858,0.739976079,0.543967352
8792134,0.2382,0.268789474,0,0.703733333,0
8792182,0.618085185,0.571546995,0.600325,0.62826129,0.521901538
8806821,0.0952,0.528416667,0,0,0
8807683,0.301310638,0.334249004,0.4113125,0.4794,0.470862791
8824518,0.7883,0.8276,0,0.9636,0.7346
8829818,0.314157143,0.224277778,-0.296,0.4175,0.443688889
8846685,0.5413,0.5413,0,0,0
8848116,0.439713333,0.374927835,0.1606,0.404375,0.323652
8860774,0,0.8169,0,0.8169,0
9456081,0.2359,0.10973,0.723,0.46472,0.2544875
9705324,0.522664286,0.558212329,0,0.774009091,0.577977778
9705627,0.27002,0.358470588,0.50415,0.6217,0.49776
9734308,-0.296,0.0722,0,0,0.42115
9742088,0,0,0,0,0.7096
9750190,0.8476,0.297108333,0,0.708725,-0.25
9750834,0.127360274,0.100667027,0.07745,0.420016216,0.264366129
9751947,0.446397143,0.318728571,0.533075,0.50496,0.440338462
9762650,0.458691304,0.385632692,0.41605,0.53192381,0.559127273
9764765,0,0.271833333,0,0.11862,0.1208
9765655,0.8338,0.8338,0,0.8338,0
9768899,0.5859,0.473714286,0,0.4588,0.2668
9770090,0.9022,0.78635,0,0.78635,0
9771401,0.368066667,0.20139375,0.1591,0.583044444,-0.317866667
9771409,0,0.6908,0,0.6908,0
9776691,0.508433333,0.534833333,0,0.6858,-0.2263
9779101,-0.7131,-0.7131,0,0,-0.7131
9780751,0.2155,0.127725926,0.058266667,0.36825,-0.099825
9781154,0.4678,0.3625625,0,0.72065,0.6778
9784201,0.222575,0.35885,0.323,0,0.46685
9787037,-0.17,-0.0239,0.35015,0,0
9787745,0,0,0.9062,0.9062,0
9793686,0,0,0,0.4576,0
9794323,0.276852941,0.357375342,0.607966667,0.383216667,0.256717073
9794334,0,0.27285,0,0,0
9795617,0.26025,-0.1244,0,-0.127057143,-0.170171429
9797533,0,-0.080875,0.5106,0,-0.29295
9797535,0,0.602333333,0.3892,0,0
9799312,0.161925,0.2996,0,0.21075,0.05135
9805350,0.8072,0.14804,0.3919,0.28824,0.0048
9807894,0.468863636,0.397211364,0.365733333,0.381,0.5577
9808737,0.3518,0.397067742,0.8372,0.443976923,0.41333913
9809059,0.22416087,0.135250909,0.35015,0.195994118,0.166954545
9809649,0.404619811,0.400564983,0.506958824,0.602252308,0.524805
9861981,0.33762,0.46965625,0.465833333,0.603311111,0.571477778
9873555,0.343955556,0.423197619,0.5827,0.596974194,0.474875
9873824,0,0.1286,0,-0.369566667,-0.1027
9997040,0,-0.5556,0,0,-0.5531
10021639,0,0.180366667,0,0.5267,0
10034471,0.627411111,0.492125,0.5719,0.638175,0.467157143
10034490,0,0.76,0.76,0.76,0
10040627,0.535898305,0.526275,0.661016667,0.587246939,0.57274142
10047447,0,0.1701875,0,0.49335,0.42695
10052211,0.6604,0.6604,0,0,0
10061036,0.399866667,0.272996296,0,0.67886,0.30625
10061802,0,-0.047633333,0,-0.5423,0
10066773,0.318860606,0.355246281,0.2605,0.616529333,0.457741538
10149944,0.602764286,0.478939286,0,0.7115375,0.6611
10163912,0,0.9107,0,0.9107,0.9107
10166711,0.094588889,0.072221053,0,0.22276,0.069066667
10170073,0.66235,0.66235,0,0,0
10182538,0.624703571,0.3690625,0.7879,0.552833333,0.620604762
10197575,0.4262375,0.372726948,0.561871429,0.577824138,0.387114103
10202450,0.457298734,0.447183858,0.45197,0.555727,0.498083041
10203136,0.540319355,0.47809084,0.359933333,0.597309231,0.590129825
10212190,0.03135,0.151062963,0.5413,0.406333333,0.71
10219495,0.60056,0.73745,0,0,0
10223559,0.573709524,0.48797619,0.64185,0.37726,0.537017647
10307044,0.4330625,0.27881,0.6766,0.11404,0.427842857
10317879,0.297432836,0.316904775,0.597896667,0.41244031,0.397559091
10319433,0.352842857,0.242363025,0.464642857,0.433149123,0.259537736
10352471,0.277915385,0.33081,0,0.4856,0.231057895
10353024,0.788,0.8176,0,0,0
10355566,0.377072222,0.39361087,0.538927273,0.611026667,0.248389286
10364760,0.4387,0.5581,0.9442,0.80605,0.4721
10367396,0.223166667,0.206880952,0.4404,0.16175,0.2893
10421771,0,0.7541,0,0.7541,0
10421802,0,0.7579,0,0,0
10422343,0.23532,0.267370833,0.4502,0.305262069,0.405308333
10425454,0.675015385,0.364144828,0.239333333,0.312631818,0.610125
10426282,0,0.8845,0.8923,0,0
10432458,0.4215,0.4215,0.4215,0,0
10438742,0.422272308,0.408603911,0.589429412,0.547096774,0.434668041
10440958,0,-0.6019,0,0,0
10441773,0,0.1611,0,0.4215,0.4207
10449763,0.8832,0.580683333,0,0.3867,0.9657
10498042,0,0.066,0,0,0
10502749,0.705090909,0.480867241,0,0.608872727,0.646642553
10514141,0.444304688,0.454636364,0.452571429,0.460374419,0.519348
10518657,0,0.3692,0,0.3692,0
10587972,0.432745127,0.44035476,0.353665476,0.552294842,0.463836692
10623248,0.314466667,0.34185,0,0.8475,0.334633333
10630757,0.621155,0.487680597,0.558583333,0.455171429,0.636583333
10663831,0.248433333,0.3245,0.3353,0.1471,0.2202
10675209,0.418155556,0.354110407,0.46179,0.470022857,0.344880508
10679425,0.238314286,0.158388235,0.2377,0.7665,0.472911111
10680494,0.385326027,0.444099371,0.305025,0.555988274,0.470081728
10689195,0,0.417,0,0.5552,0
10723303,0,0.2781,0,0.4198,0.4574
10752208,0.579816129,0.451140411,0.62752,0.692478182,0.551873846
10756095,0,0.8166,0,0.8166,0
10757140,0.8016,0.7046,0,0.5106,0.8016
10761326,0,0,0,0.9756,0.9756
10763151,0.320915882,0.328848068,0.179421053,0.555552688,0.380862162
10779638,0.78525,0.640166667,0,0.9846,0
10780220,0.8316,0.8316,0,0.8316,0
10790607,0.167715179,0.160824026,0.313783333,0.23708,0.199874286
10793635,0,-0.3414,0,0,0
10795356,0.79736,0.461557143,0.5047,0.0056,0.43741
10820025,0.75755,0.78908,0.5719,0.87,0.66845
10878568,0.3255,0.383808333,0.605166667,0.351025,-0.21075
10901880,0,0.38915,0,0,0.398533333
10903401,0.32535,0.421733333,0,0.403125,0.0754
11004882,0.732271429,0.658978571,0,-0.5574,0.58683
11070590,0.2103,0.70905,0,0.4927,0.1806
11269895,0.336325,0.253,0.258066667,0.14405,-0.05965
11435604,0,0.6514,0.0727,0.9517,0
11437160,0.4215,0.457575,0,0,0.764266667
11445281,0,-0.120533333,0,0,-0.0258
11549188,0,0.4675,0,0.4675,0
11644677,-0.5423,-0.27115,0,0,0
11658113,0.5719,0.67082,0,0,0.4754
11669179,0,0.061325,0,0,0
11677936,0.276275,0.54232,0.7549,0.624,0.7269
11678076,0,0.8658,0,0,0
11678218,0.6369,0.4626,0.6115,0.34,0.316725
11695662,0.330584615,0.275325926,0.1206,0.03402,0.220458333
11699596,0.272681818,0.223892857,0.8622,0.7783,0.2987875
11713881,0.0644,0.163766667,0.4269,0.4269,0.0644
11715614,0.105125,0.1858,0,0,0.0516
11718500,0.321,0.269697861,0.30548,0.364552941,0.413385
11726236,0.539054545,0.520646715,0.203833333,0.509208696,0.580093269
11726656,0.60778,0.590925,0,0,0.8054
11726769,0.385240418,0.362870764,0.344830769,0.541116364,0.499450193
11737788,0.68355,0.578966667,0,0.730571429,0.6065
11739411,0.9202,0.8809,0,0.9595,0.9595
11739636,0.294066667,0.006441026,0,0.70756,-0.3847
11741817,0.600354245,0.471751316,0.66809,0.664937555,0.558310658
11768351,0.607938095,0.486428302,0.585366667,0.64885,0.453164865
11770511,0,-0.3612,0,0,-0.3612
11779794,0.9511875,0.631533333,0.2873,0.845338889,0.843371429
11794967,0,0.55636,0,0,0.5719
11796749,0.566633333,0.510988889,0.36665,0.58966,0.23625
11805047,0.417847992,0.429247055,0.396120619,0.527582219,0.479708393
11850885,0.5903,0.5903,0,0.9761,0.9761
11851010,0.6272,0.454215385,0,0.43705,0.373576471
11867961,0.0306,0.109588235,-0.155266667,0.321433333,0.099554545
11868055,0.884575,0.88076,0.9168,0,0.932466667
11876498,0.4308,0.31094,0,0.3818,0
11877374,0.891,0.9871,0,0.93905,0
11884823,0,-0.8225,0,-0.8225,0
11888397,0.69,0.69,0.69,0.69,0
11893254,0.539675,0.285593333,0,0.276842857,0.40752
11949479,0.07085,0.07085,0,0,0
11981046,0,0,0,0.6597,0
12103868,-0.2736,-0.292486364,0,-0.278233333,-0.076416667
12111963,0.9276,0.9276,0,0,0
12113822,0.7374,0.078033333,0,-0.7482,0.2473
12115599,0.9079,0,0,0,0
12120352,0,0.836,0,0,0
12123644,0.374415789,0.307669811,0.564325,0.37054375,0.293441176
12123781,0.39082724,0.383649033,0.275429032,0.503211165,0.415072949
12130101,0,-0.166453333,0,0.6249,0.6988
12134170,0.1967625,0.358822222,0.28595,0.710933333,0.27305
12136382,0.0772,-0.04685,0,0,-0.296
12138436,0.588151515,0.491259722,0.611016667,0.688611111,0.559109434
12145250,0.3226,0.50896,0.5106,0.9412,0.7613
12152655,0,0.9388,0,0.9388,-0.7598
12152684,0,0.15733125,0.8883,0.23598,0.424333333
12154151,0.84822,0.597292308,0.91185,0.9349,0.712155556
12155153,0,0.0772,0,0,0
12157689,0.78342,0.46338125,0,0.62305,0.4779
12158060,0.295606667,0.181628947,0,0.010102941,0.424290909
12175379,0.144466667,0.403328571,0.0153,0.0153,0.2387
12183014,0.424428571,0.52191,0.5604,0,0.882025
12184619,0.3182,0,0,0.3182,0
12192388,0.526126667,0.431259302,0.71665,0.493362963,0.431197701
12192472,0.2732,0.1827,0,0.5093,0
12192550,0.61565,0.291541379,0,0.384925,0.530728571
12195858,0.415225,0.439653846,0,0.2377,0.4783
12205035,0.58708,0.6982,0.75558,0.73855,0.482233333
12205802,0.334813636,0.380086207,0.8689,0.70902963,0.658442857
12208921,0.3857,0.05702,0,0.152933333,0.3638
12215504,0.478958739,0.504114655,0.355530303,0.688029748,0.554531759
12215529,0.79639186,0.792716949,0.62012,0.841534007,0.79879697
12238850,0.01404,0.087825,0,-0.03095,0.027866667
12248356,0.280144444,0.251373171,0.5106,0,0.115969231
12252558,0.155225,0.5937,0.355975,0,0.6914125
12257573,-0.04674,0.00198,0.7581,0.3165,0.58325
12261761,0.28145,0.1975,0,0.08678,0.33925
12264018,-0.07655,0.154533333,0,0.31245,-0.1531
12268616,0,0.465833333,0.9769,0.26505,0
12269891,-0.2327,0.066854545,-0.09916,0.11465,0.03098
12273618,0,0.8042,0,0,0
12275901,0.52218125,0.418945652,0.563325,0.751886364,0.479418182
12275959,0.365846476,0.38606331,0.213658,0.465357461,0.457349515
12282685,0.661255556,0.322639394,0.570571429,0.588723077,0.405413043
12287395,0,-0.3346,0,0.4588,0
12291545,0.455446154,0.189228846,0.8829,0.453408,0.177431579
12311255,0.681312996,0.578189647,0.42171875,0.753859221,0.670686891
12311302,0.607423008,0.534695958,0.557877419,0.727111804,0.601713701
12312517,0.436825,0.354228571,0,0.524909091,0.24192
12327853,0.344555446,0.358127048,0.181676,0.495017114,0.429609353
12332156,-0.0748,-0.5278,0,0,0.484233333
12332365,0.9524,0.47492,0.0235,0.48795,0.5834
12339955,0.7783,0.7964,0,0,0
12342956,0,0,0.9722,0.9722,0.9722
12342982,0.331355172,0.234353968,0,0.196021739,0.485657895
12349547,0,0.274223077,0.202375,0.2374875,-0.046390909
12358631,-0.1882,0.174841667,0.6597,-0.16295,0.622157143
12364563,0.242933333,0.1656125,0,0.8122,0.7653
12374665,0,0.8844,0,0,0
12374792,0.201351319,0.274621176,0.160966,0.338414678,0.236525741
12381398,0.92325,0.729442857,0.57555,0,0.731933333
12384835,0.645418182,0.582958586,0.34952,0.633265385,0.664003175
12393526,0.455986685,0.436977639,0.463584337,0.638924895,0.499586548
12394003,0.7366,0.43164,0,0,0.5859
12394054,0.7428,0.50705,0.877275,0.7906,0.56181
12394218,0.152533333,0.341304762,0.7033,0.232444444,-0.026383333
12400607,0.873541667,0.735576923,0.8292,0.975,0.62065
12418050,0.638246154,0.561974074,0.684533333,0.665792,0.663233333
12420504,0.77785,0.77785,0.6597,0,0.896
12420780,0.0264,0.075158333,0.6904,-0.0164,0.574125
12421123,0.35685,0.455619231,0.67726,0.843466667,0.698454545
12421279,0,0,0,0.9186,0.9186
12421538,0.9512,0.9512,0,0,0.9512
12422287,0.367533444,0.42176274,0.356256338,0.513857479,0.437383908
12425727,-0.249775,-0.234626667,0,-0.4588,0.1246
12427572,0.42405,0.29804,0,0,0
12431480,0,0.59335,0,0,0.49
12431685,0.73,0.5725,0,0,0
12439858,0,0.3612,0,0,0
12442242,0.52595,0.525433333,0.8176,0,0.5994
12442245,0.73589,0.588146154,0.69425,0.82402,0.604803704
12448816,0.634333333,0.759216667,0.7825,0.9505,0.39125
12449974,0,-0.55175,0,0,0
12452457,0.4939,0.4939,0.4939,0,0
12454421,0.160250472,0.191066093,0.134654839,0.326301471,0.24834289
12455650,0,0.9195,0,0,0
12458891,0.926,0,0,0.926,0.926
12459313,0.5993,0.433335294,0.0627,0.180833333,0.696458333
12462754,-0.4005,0.338033333,0,0,-0.4005
12477176,0.540557407,0.505308633,0.311027273,0.60146875,0.507009615
12477877,0.13002,0.163783333,0.4671,0.31805,0.3919
12482946,-0.2247,-0.2247,0,0,0
12497565,0,0.080988889,0,0.5119,0.020383333
12499720,0.49925625,0.484651064,0.34,0.526336,0.568382051
12508195,0,0.07955,0,0,0.395
12508331,0.597475,0.6249,0,0.6005,0.78834
12530656,0,0,0,0.0788,0.0788
12532559,0,0.4404,0,0.1227,0.36705
12536519,0.6916,0.7823,0,0.5563,0.5406
12541162,0.6361,0.9482,0,0.79215,0.9482
12547951,0,0,0,0,0
12549604,0,0.765,0,0,0
12549688,0.358071429,0.281190909,0,0.8316,0.26508
12554211,0,-0.1366,0,0,0
12554218,0.602825,0.368536364,0.529633333,0.2769,0.8199
12565823,0.380084767,0.434459105,0.232020408,0.524273986,0.525476271
12567529,0.8962,0.9209,0,0,0.9209
12567531,0.9524,0.95825,0,0.9463,0.9134
12567538,0.690178571,0.548075,0.36498,0.69322,0.578111765
12570434,0,0,0,0,0.7031
12580099,0.36248,0.451142857,0,0,0.82545
12580190,0.476594737,0.436424324,0.385633333,0.8767,0.50315
12583897,0.6533,0.62623,0.6114,0.8675,0.59412
12600266,0.3619,0.473729032,-0.25125,0.59855,0.594953846
12603972,0.381,0.198475,0,0,0.718433333
12607180,0.08742,0.154553333,0,0.7184,-0.118666667
12611274,0.449956522,0.456834783,0.37634,0.584194737,0.5405625
12613069,-0.2849,0.200364706,0,0.702414286,0.420227273
12613080,0.389770732,0.496927778,0.22856,0.678864706,0.440647826
12632438,0.369919231,0.318418085,0.351883333,0.4404375,0.40888
12636062,0.690436842,0.647096429,0.890633333,0.442225,0.618096
12636145,-0.29635,0.104014286,0,0.4404,0.25655
12646025,0.128633333,0.20185,0,0,0.6652
12657005,0.236816667,0.03905,0,-0.302133333,0.2069
12657558,0.8005775,0.60982766,0.681877778,0.748958427,0.695675
12666889,0.450133333,-0.079218182,0.1005,0.56965,-0.046125
12669829,0.099733333,-0.0123875,0,0.280075,0
12674136,0.289188571,0.335191071,0.219875,0.419085714,0.448928
12680764,0.364163636,0.66369,0.6427,0.928025,0.612
12703924,0.544042857,0.63241,0,0,0.682177778
12710393,0.47785,0.832233333,0,0.934,0.9123
12711841,0.318566667,0.099188889,0.2834,0.0196,0.242633333
12715362,0.6531875,0.434246667,0.96955,0.21275,0.346573333
12727336,0,0.0017,0,0.8827,0
12741975,0.78795,0.78795,0,0,0
12799683,0.3754,0.1779,0,0,0.2212
12800919,0,0.4754,0.9508,0,0
12804408,0.3057,0.1366,0.4404,0.3568,0.4588
12812818,0.57155,0.477666667,0,0.70315,0.558466667
12814679,0.317,0.283475,0,0.5173,0.5173
12826199,0.8361,0.4907,0,0.9814,0
12829479,0,0.952,0,0.476,0.1806
12832157,0.9161,0,0,0,0
12838743,-0.180366667,-0.16076,0.257966667,0.0697,-0.0807
12839263,0.1011,0.330433333,0,0.15165,0.15165
12843297,0,0,0,0.4754,0.6369
12847152,0.546607317,0.446631353,0.581,0.540337805,0.493655556
12858964,0,0,0,0,0
12862723,0,0.4019,0,0,0.4019
12864572,0.65975,0.58390625,0,0.8775,0.37936
12866402,0,0.7889,0,0.7889,0
12866429,0,0.6597,0,0.7996,0.7996
12883159,0,0.24305,0,0.13055,0.57335
12885196,0.8934,0.8934,0.9036,0,0
12898138,0.508364706,0.399318519,0.6369,0.4941,0.46327619
12902119,0.607366667,0.482525,0,0,0.71885
12909075,0.364818617,0.35114856,0.258142105,0.5864975,0.378301149
12918560,0.8221,0.39132,0,0,0
12921446,0.8877,0.844516667,0,0.90194,0.893775
12923444,0.428909091,0.243884444,0.343225,0.586609091,0.3724
12923549,0.465378788,0.444544,0.520671429,0.580305,0.54932
12928036,0.380779167,0.395721277,0.35436,0.473641935,0.47204375
12941974,0,0.6486,0,0,0
12945081,0.5209,0.447971429,0,0.74562,0.4818
12947543,0,0.39165,0,-0.126,0.9056
12949753,0.651514286,0.4096,0.26905,0.785683333,0.465233333
12960185,0.681166667,0.8892,0,0,0.46465
12970173,0.74598,0.654525,0,0.5559,0
12974756,0.8678,0.8678,0,0,0
12989953,0.690818692,0.63620173,0.66834,0.726842857,0.6868
12996395,0.2732,0.0726,0,0.319766667,0.252266667
12997350,0,0.9442,0,0.9549,0.9656
12999387,0.509715625,0.533307273,0.6189,0.442556098,0.577337838
12999448,0.302809756,0.189885523,0.3419,0.390146479,0.340880672
12999496,0,0.7425,0.7469,0,0
12999989,0.58568125,0.3127125,0,0,0.555175
13004706,0.7254,0.82765,0,0,0.7254
13006557,-0.0918,-0.0918,0,0,0
13007564,0.342745455,0.43154058,0.664,0.562,0.331264
13098423,0.438663158,0.295611765,0.4927,0.564125,0.689938462
13102852,0.9594,0.6456,0,0.9716,0.95595
13110344,0,0,0,0.431,0.836
13110762,0.557119048,0.486991111,0.15158,0.76688,0.450176923
13113564,-0.658,0.216777778,0,0,0.58975
13114455,0.7227,0.341433333,0.6705,0.3246,0
13121335,0.81064,0.694872727,0,0.882175,0.738316667
13122575,0.963,0,0.2263,0.963,0
13134982,0.8519,0.78925,0,0,0.8519
13146948,0.46584,0.331925,0.0516,0,0.47985
13162644,0,0.9537,0,0,0
13205800,0.46614,0.5296,0,0.27815,0.5835
13223496,0.279558333,0.252794737,0.4404,0.612328571,0.262675
13226937,-0.057166667,-0.047083333,0,-0.3114,-0.23835
13229761,0.671276923,0.751033333,0.9181,0,0.62704
13231025,0.224661538,0.311820548,-0.17622,0.404242857,0.326742308
13239001,0,0,0,0,0
13284044,0.32118,0.2163125,0.9482,-0.127011111,0.9517
13288622,0.1265,0,0,0.1265,0.1265
13289786,0.546625,0.63845,0.2484,0.6249,0.59934
13292899,0.7906,0.303833333,0,0.3953,0.567366667
13292930,0.9639,0.9639,0,0.9639,0
13292958,0,0.9216,0,0,0.9216
13302910,0.532333333,0.521411111,0,-0.296,0.710825
13306577,0.171811538,0.296438889,0.6451,0.459186364,0.298327586
13320118,0.5994,0.443714286,0,0,0
13322705,0.4627,0.4627,0,0,0
13323877,0.790277778,0.707293333,0,0,0.7295625
13324121,0,0.70135,0,0.8464,0
13326400,0.458503448,0.287769231,0.47062,0.6802625,0.311315385
13326610,0.38699619,0.405682857,0.464827273,0.544674747,0.557475
13328979,0.64816,0.592571429,0,0.47355,0.845666667
13330412,0,0.8641,0,0,0.8641
13337688,0,0,0,0,0.9299
13344570,0.371344175,0.384290793,0.225345455,0.564428517,0.484708955
13344817,0,0.503175,0,0.4939,0.71095
13348051,0.572975,0.532073333,0,0.7783,0.739258333
13348162,0.505288235,0.426787097,-0.7356,0.482594118,0.383626667
13354751,0.457993333,0.545115385,0,0.820116667,0.62627
13368220,0.166183333,0.0672,0.31805,0.3371,0.3432
13368602,-0.08825,0.061566667,0.2724,-0.08825,0.128
13369285,0,0,0,0,0
13369663,0,-0.46905,0,-0.0258,0.27305
13374694,0,0.8885,0,0.8885,0.8885
13376381,0.6282625,0.499310345,0.291175,0.84465,0.4010875
13376509,0.430285511,0.451814372,0.369245238,0.609196338,0.509645427
13380847,0.5116,0.289572973,0.6004,0.498463158,0.505626316
13383351,0,0.8805,0,0,0
13383672,0,0.4806,0,0,0.3404
13388791,0.932966667,0.7249625,0,0.34,0.70704
13390778,0.4939,-0.0233875,0,0.5652,0.267375
13394390,0.687435714,0.57188,0.39115,0.702976923,0.596668627
13398507,-0.5936,-0.054169231,0.936,0.5859,-0.057133333
13425129,0.93385,0.9329,0,0.9348,0
13437247,0.7639,0.7639,0,0,0.8832
13440264,-0.6808,0.46504,0.4276,0.9041,0.784366667
13442656,0.504522222,0.499248718,0.8977,0.634158333,0.619415152
13476290,0.6271625,0.605675,0.592533333,0.735766667,0.616646154
13481085,0,0.9543,0,0,0.9543
13482971,0.271836434,0.230905629,0.365552632,0.456554167,0.342599286
13511562,0.8656,0.391308333,0.5098,0.5654375,0.357316667
13518078,0.56665,0.44369375,0.60875,0,0
13526277,0,-0.50935,0,-0.526,0
13535959,0.8046,0.6957,0.9387,0,0
13539805,0.767095,0.69212069,0,0.883672727,0.76705
13545624,0,0.7314,0,0,0
13549055,0.676516667,0.5563,0.7764,0,0.579875
13567016,0.6854,0.69,0,0.6808,0.6808
13614756,0.6478,0.5413,0.20095,0,0.8997
13630876,0.8843,0.8843,0.8999,0.8843,0
13732034,0.525885714,0.369323077,0.56688,0.600557143,0.764
13742920,0.3919,0.354273684,0.9712,0.277983333,0.144275
13743154,0.799575,0.63966,0,0.902,0.765433333
13743201,0.437264286,0.585368571,0.4728,0.7906,0.662125
13753561,0.8617,0.8617,0,0,0
13797192,-0.1852,-0.5483,0,0,0
13810487,0.583753982,0.519034043,0.69293,0.542243949,0.506364912
13833396,0,0.8995,0,0.8995,0
13838942,0,0.871,0.871,0,0.871
13853787,0.562533333,0.524266667,0,0.7853,0.8932
13854920,0,0.1759,0,0,0
13862046,0.9241,0.714875,0.5943,0.647033333,0.9241
13867005,0.413473913,0.307432143,0.17544,0.469395238,0.512504762
13908292,0.4708975,0.337402941,0.37423,0.477291892,0.414236066
13914936,0.249794118,0.300481481,0.0387,0,0.508655556
13942654,0.56168,0.703357143,0.66275,0.7184,0.691128571
13943944,0.774633333,0.738925,0,0.9473,0.267766667
13946726,0.886,0.27875,0,0,0.8315
13949276,0,0.308666667,0,0,0
13953567,0.510075,0.432064706,0.8795,0.6955,0.7205
13954005,0,0.8908,0,0,0.8908
13955628,0.81785,0.8047,0,0.81785,0.81785
13955647,0,0.841225,0,0.809666667,0.80835
13961926,0,0.9711,0,0,0.9711
13964391,0.51565,0.427225,0,0,0.419175
13974930,0.9712,0.72058,0,0.9053,0.554233333
13974964,0.458642424,0.45954625,0.885375,0.74662381,0.491275556
13975447,0.851933333,0.799983333,0.79405,0,0.806975
13991489,0,-0.3582,0,0,0
13999102,0.6732,0.63908,0.7778,0.9545,0
14001871,-0.3114,-0.03066,0,0.24938,0.202242857
14002497,0.433328571,0.234771429,0.308833333,0.262308696,0.346170968
14006339,0.09935,0.3557,0,0.8684,0.9612
14006578,0.61765,0.516925,0,0,0.4851
14008278,0.37505,0.3996,0.4754,0.9597,0.402966667
14014585,0.69345,0.3402,0,0.318166667,0.669521429
14015334,0,0.6176,0,0.6176,0
14039217,0,-0.5267,0,0,0
14050985,-0.004075,0.152159259,0,0.4035,0.181257143
14054904,0.18468,0.29785,0,0.659,0.32625
14058606,0,0.936,0.936,0,0
14061879,0,0.557266667,0.47795,0.6791,0.32115
14067952,0.38448,0.254569231,0.24785,0.308547059,0.26636875
14067957,0.417725,0.20706875,0.5256,0.7777,0.3270375
14077659,0,0.9438,0,0,0
14097671,0,0.02745,0,0.296,0
14116433,0.670933333,0.48528,0,0.444566667,0
14132165,0.8283,0.8283,0,0,0.8283
14141373,0.452596429,0.439862319,0.657833333,0.664773913,0.599752174
14163100,-0.3818,0,-0.3818,0,-0.3818
14163176,0.70506,0.541195,0,0.28595,0.89465
14167511,0.3716,0.3716,0,0,0
14170220,0.517858824,0.474524675,0.569425,0.54984898,0.494103093
14172096,0.367135714,0.286696,0,0.343409091,0.432911765
14179615,0.923425,0.559075,0.962,0.94735,0
14191626,0,0.4754,0,0.4754,0
14207972,0.34508125,0.314846667,0.79935,0.81047,0.645016667
14494697,0.117285714,0.128832653,0.849966667,0.192947368,0.143634043
14494713,0.6007,0.5265123,0.654894737,0.691931965,0.608649913
14494826,0.93516,0.676528571,0.9313,0.935475,0.618433333
14509661,0,0.9685,0,0.775233333,0
14767931,0.524775862,0.507528358,0.50288,0.511553333,0.553819608
14781088,0.654333333,0.81445,0,0,0.35608
14785311,0.3818,-0.5553,0,0,0
14794325,0.8737,0,0,0.90535,0.8737
14794383,0.78155,0.504961538,0.501,0.903,0.7767
14794421,0,0,0,0,0
14801031,0.561885965,0.540128099,-0.3612,0.61096875,0.607276712
14801741,0.471984615,0.343964865,0.24635,0.2217,0.538007143
14886252,0.84145,0.71128,0,0.8834,0.7856
14901336,0,0.936,0.936,0.936,0
14901729,0.614,0.405925,0.7346,0.9656,0.667271429
14905497,0.01546,-0.223858333,-0.4767,0,-0.148
14910837,0,0.8122,0.5759,0,0.5759
14916679,0,0.9412,0,0,0
14917442,0.765871429,0.73866,0,0.9013,0.791028571
14919661,0,0.07288,-0.2263,0,0.6757
14920340,0.859,0.839369231,0.8797,0.80046,0.761683333
14920523,0.6239,0,0,0,0.9215
14922533,0.6029,0.535419231,0.7157,0.640755556,0.528395238
14929335,-0.5478,0.24876,0,0.83385,0.8087
14937048,0,0.24585,0,0,0.6249
14948696,-0.041233333,0.423383333,0.3612,0.541775,0.5978
14954279,0.135609091,0.59844,0.69895,0.301885714,0.8515
14957397,0.587112,0.385721739,0.83348,0.449188571,0.444730303
14959983,0.92,0.9172,0,0.9431,0
14970891,0.8368,0.754233333,0,0,0.915566667
14981842,0,0.34415,0.7783,0,0.34415
14982228,0.334047059,0.382513158,0,0.267775,0.455457895
14982339,0.818033333,0.74265,0.9822,0,0.9548
14984979,0.578166667,0.441726667,0,0.2739,0.4171
14986044,-0.180344444,0.040992,0.9093,0.0875,-0.013125
15000899,0.192233333,0.454285,0.18456,0.564027273,0.395486957
15001898,0.7107,0.41431,0.8908,0.5427,0.2937125
15007996,0,0.41406,0,0.632333333,0
15014486,0.606826471,0.405212195,0.626425,0.612978571,0.590322581
15016168,0.4647,0.418588254,0.707588889,0.476653929,0.477035652
15018915,0,0.553953846,0.7269,0.7027,0.72225
15025460,0.449816364,0.416944186,0.4387,0.549704762,0.570363889
15039588,0.738814286,0.54872,0.79316,0.8153,0.568254545
15051374,0,0.7298,0,0,0
15051407,0,0.6705,0,0,0
15055206,0.5193,0.379739286,0.6881,0.9549,0.232625
15068629,0.366554545,0.391936111,0.603725,0.539025,0.40872069
15088031,0.360405762,0.400758456,0.4222,0.511521286,0.419679501
15089807,0.745397059,0.674478788,0.9391,0.792566667,0.652775
15097571,0.729421429,0.569290909,0.4863,0.7211,0.778866667
15097649,0.51936,0.34731,0.68,0.9498,0.3954125
15101811,0.61652,0.2484,0.9564,0.21315,0.280445455
15113201,0.627970588,0.5879125,0.5283,0.658493103,0.741235714
15122411,0.804266667,0.741116667,0,0,0.49005
15132512,0.374057692,0.417354217,0,0.63996,0.578554839
15142100,0.644575,0.659225,0,0,0.8225
15142149,0.7086,-0.013,0.148,0.0694,0
15142151,0.866775,0.577653333,0.65375,0.538033333,0.725066667
15153564,0.577855556,0.4797075,0.2202,0.727692308,0.45088
15153601,0.596122727,0.547170874,0.637825,0.645345714,0.623991837
15180081,0.8979,0.8979,0,0,0
15180150,0.3612,0.4117375,0.8858,0,0
15180166,0.251284,0.393933333,0.073314286,0.434096923,0.287923158
15193374,0.54875,0.382933333,0.9228,0.79385,0.610885714
15193400,0.427278571,0.455539394,0,0.5996,0.438210526
15193420,0.88424,0.92685,0,0.8979,0.9566
15196540,0.313814286,0.219005556,0.81975,0,0.1752
15220118,0.6597,0.392542857,0,0.6365,0
15220701,0.50814,0.662641667,0.9001,0.71549,0.60816
15225877,0.9765,0.97775,0.979,0.97775,0.9765
15236618,0.9625,0.9625,0,0.9625,0
15236623,0.58836,0.597763636,0.51555,0.706025,0.93855
15240267,0.464158442,0.457015201,0.330990909,0.593185592,0.555804229
15243554,0.223783333,0.46895625,0,0.640628571,0.42975
15246008,0.6269,0.5587,0.5499,0,0.8903
15272817,0.9811,0.9811,0,0,0
15273928,0.559411111,0.542134615,0.93,0.751033333,0.563934615
15293891,0.42797,0.427866667,0.320033333,0.0139625,0.362585714
15320179,0,0,0.9072,0,0
15320307,0.429607692,0.316996875,0,0.610869231,0.500881818
15330477,-0.064771429,-0.099555556,0,0.76975,0.244775
15350525,0,0.8275,0,0.8275,0
15353147,0.958,0.958,0,0,0
15357691,0.6073,0.165807692,0,0.1077,-0.04336
15398406,0,0.9324,0.9324,0,0
15411161,0.2271,0.0209,0,0.8225,0.26304
15511954,0.436321053,0.236134091,0.442416667,0.50779,0.412958333
15512768,0.599871429,0.5447,0,0,0.85635
15521329,0,0.9476,0.9476,0.9476,0.9476
15522525,0.615325,0.379916667,0.9765,0.5003,0.617090909
15530598,0.46675,0.6477125,0,0.877733333,0.7964
15559948,0.316980871,0.37950351,0.414859459,0.512266932,0.396551093
15587980,0.393717391,0.2850125,0.7245,0.578546154,0.453466667
15588128,0.479586364,0.492188,-0.04945,0.0729,0.43437
15588284,0.54655,0.587866667,0,0.9019,0.89765
15592975,0.801138947,0.789814925,0.711673333,0.76426383,0.776587755
15604770,0.481026667,0.516196774,0.8074,0.454953333,0.5563
15618375,0.450495652,0.34452037,0.56665,0.623815,0.314561538
15618626,0,0.342,0,0,0
15619125,0.579543182,0.576211719,0.26235,0.726605208,0.571010417
15632619,0.572810417,0.556545455,0.531233333,0.582188,0.494916667
15638223,0.10425,-0.07715,0,0.042166667,-0.4023
15638711,0.738742857,0.71388,0,0.790175,0.6165875
15647125,0.6246,0.700966667,0,0.5638,0.792
15655002,0,0.3386,0,0.8591,0.8399
15667733,0.646854545,0.68584,0.96375,0.7841,0.628722222
15667754,0.4295,0,0.4295,0.4295,0.4295
15688764,0.642811111,0.615435583,0.427028571,0.752537873,0.641324373
15693122,0.8555,0.8555,0,0,0
15698660,0.31246875,0.250316667,0.477,0.7239,0.25011
15709173,0.355735714,0.337667442,-0.425333333,0.18491,0.192161702
15747019,0,0.79,0,0.6486,0.6486
15757114,0,0.9215,0,0.9215,0
15776661,0.23045,-0.109025,0.3182,0.46785,0.12105
15785579,0.71175,0.639629412,0.3241,0.74427,0.468666667
15816335,0.632174725,0.463145946,0.465,0.621410843,0.483796552
15816354,-0.192185714,-0.044368182,0,0,-0.2598
15850169,0.859916667,0.85585,0,0.842666667,0.884633333
15852571,0,0.301966667,0,0,0.3715
15857862,-0.28075,-0.127993333,0.7184,0,0.7952
15872055,0.9052,0.9507,0.9507,0.92795,0.9507
15879273,0.8955,0,0,0,0
15880049,0.566391667,0.548457447,0.687916667,0.629021053,0.707428358
16140246,0.25208,0.248915833,0.24732,0.569606452,0.451339286
16470943,0,0.2813,0,0,0.75525
16656465,0,0.8481,0.8481,0,0
16656500,0.490365517,0.532135211,0.9485,0.7835,0.499824731
16666534,0.284066667,0.02372,0,-0.043716667,-0.2877
16667354,0.51284,0.1512,0,0.7096,0.8784
16691416,0.8176,0.8176,0,0,0.8176
16695275,0.420185714,0.455009756,0.7797,0.6538625,0.532046154
16706665,0.562666667,0.616881818,0.79905,0.6696,0.59502
16715014,0.45435,0.549636364,0,0.7702,0.65448
16715068,0.934033333,0.6178,0,0.9842,0.55805
16716533,0.9295,0.626083333,0,0,0.957
16725504,0.878,0.9064,0,0.892333333,0.9348
16729400,0,0.31245,0,0.5864,0.5864
16732927,0.8588,0.8588,0,0,0
16736518,0.72025,0.509533333,0,0,0.69505
16744582,0.460391667,0.357107692,0.5095,0.29918,0.353926316
16744589,0.8409,0.7685,0,0.9242,0.807
16754836,0.38924,0.577618182,0,0.63,0.58745
16754856,0.9493,0,0,0,0.9493
16765239,0.9533,0.602425,0.9322,0.40305,0.358533333
16811636,0,0.5994,0,0,0
16821273,0.9331,0.8116,0,0,0.9331
16855203,0.121666667,0.25115,0.9274,0.9274,0.5023
16859037,0.80272,0.61253,0.96655,0.8261,0.671077778
16916856,0,0.87435,0,0.8934,0.8934
16954861,0.8122,0.8122,0,0,0.8122
17328578,0.01485,0.591,0,0.118825,0
17337678,0.0819,-0.055022222,-0.4572,0,0
17337765,0,0.445333333,0,0.318966667,0.216433333
17347883,0.6588,0.5859,0,0.5859,0.63215
17376201,0.841076923,0.766290909,0.8906,0.912914286,0.710508333
17376368,0.762218182,0.58375,0.52555,0.818033333,0.722263636
17382679,0,0.9272,0,0.9272,0.66455
17386439,0.784173333,0.49208,0.91515,0.786955556,0.621254545
17389572,-0.2644,0.06594375,0.5006,0.1678,0.232855556
17395567,-0.5968,-0.2713,0,-0.2617,0
17399030,0.9758,0,0,0,0.9758
17415034,-0.0022,0.23579375,0.392,0.68154,0.340528571
17415148,0.4069125,0.502423077,0.431,0,0.418042857
17423828,0.8435,0.9519,0,0,0.7351
17432285,0.802,0.802,0,0,0.4215
17435088,-0.21965,-0.119188889,0,-0.1351,-0.45365
17450139,0.8843,0.8498,0.8843,0.9213,0.8313
17450167,0,0.8248,0,0.8248,0.8248
17457273,0.8121,0.61378,0,0.791725,0
17465013,0,0.8012,0,0.8012,0
17484078,0.459233333,0.5151,0,0.75011,0.54905
17512923,0,0.5269,0,0,0
17513008,0,0.9308,0.9308,0,0.9308
17515321,0,0.6249,0.6249,0.4754,0
17518532,0,-0.035117647,0,0.2988,0.3820625
17521451,0,0.2202,0,0,0
17527693,0.59385625,0.564515,0,0.77595,0.658306667
17532367,0,0,0,0,0.8858
17532926,0,0.4389,0,0,0
17536945,0,0.5719,0,0.7712,0.7712
17537368,0,0.9459,0,0.9459,0.9459
17538061,-0.174733333,0.191922222,0,-0.214975,0.2787
17538831,0.8953,0.201975,0,0.121733333,0.121733333
17547090,0,0.9673,0,0,0
17547243,0.691577778,0.70283125,0.6665,0.644309091,0.608378261
17551077,0.716975,0.458536364,0.9492,0.80506,0.819725
17552075,0.9678,0.9547,0.9691,0.9791,0
17558370,0,-0.07132,0,0.4019,0
17562081,0.68145,0.538605,0.592666667,0.671321429,0.684133333
17562268,0,0,0,0.924,0
17564010,0,0.7845,0,0,0
17571365,0.465034463,0.452304457,0.401155556,0.635689714,0.488600775
17574268,0,0.08255,0,0.08255,0
17580087,0.54585,0.636633333,0.4927,0,0.7987
17580505,0,0.9649,0,0.9649,0
17595658,0.398612903,0.506145833,0.7964,0.729388889,0.339794737
17601922,0.25515,0.9841,0,0,0.9841
17602300,0.584780952,0.570609091,0,0.7798375,0.583869231
17602318,0,0.8497,0,0,0.314933333
17603271,0.6369,0.5654,0,0.4074,0
17603491,0,-0.8033,-0.8033,0,0
17612713,0,0.46508,0.8807,0,0.59954
17612904,-0.296,0,0,0.160125,0.0719
17613378,0,0.65485,0,0,0
17619682,0.279266667,0.058533333,0,0,-0.13822
17623355,0.633033333,0.585366667,0.1144,0.8658,0.8658
17626945,0,0.609,-0.4648,0.6648,0.6648
17627387,0.548913333,0.569304688,0.148766667,0.669726923,0.535270455
17627786,0.637325,0.515957143,0,0.9051,0.7898
17636629,0.86425,0.46785,0,0.6474,0.6299
17638273,-0.6361,-0.329855556,0.4404,0,0
17643840,0,-0.1732,0,0,0
17650102,0.9652,0.9652,0,0,0.9652
17650559,0.479316667,0.272614286,0.4215,0.274028571,0.7434
17657171,0,0.659,0,0,0
17664335,0,0.2732,0,0,0
17666782,0.432266667,0.347307692,0,0.5563,0.7717
17668261,0.9136,0,0.9136,0,0
17668441,0.149233333,0.685066667,0,0,0.8927
17673550,0,0.3182,0,0,0
17674122,0.5379,-0.3326,0,0,0.1366
17693572,0.739,0.728,0,0.6249,0
17696181,-0.3839,-0.122988889,0,-0.3839,-0.143625
17697324,-0.122725,-0.14585,0,0.2202,0.1602
17701992,0.586933333,0.7677,0,0.9042,0.482166667
17703539,0.3965,0.324233333,0.793,0.7972,0.5413
17713657,0.76905,0.41952,0,0.89565,0.88655
17713919,0.5334,0.3165,0,0.5334,0.3225
17723996,0.65855,0.584273529,0,0.6721,0.65714878
17739072,0.612005344,0.572166942,0.54458,0.734158594,0.613182051
17749869,0.91675,0.624,0,0.968,0.7501
17758939,0.1787125,-0.0433125,-0.17,0.001528571,0.22605
17768950,-0.1706,0.120585714,0,0.66435,-0.113733333
17768963,0.4037,0.8753,0,0,0
17769337,-0.3182,-0.178783333,0,0,-0.0327
17789631,0,0.7992,0.7992,0.7992,0.7992
17790557,0.550633333,0.557430769,0.40552,0.609866667,0.545225
17793282,0.83715,0.645464286,0.7308,0.854825,0.783
17803560,0.762286957,0.697886111,0.7942,0.837571429,0.717905
17806989,0.5833,0.6502,0,0.822833333,0.55075
17822622,0.9475,0.9665,0,0.8956,0
17838534,0.86505,0.305085714,0,0.9584,0
18114438,0.811271429,0.5443,0,0.9309,0.58155
18178823,0.421475,0.541803704,0,0.82176,0.713515385
18340724,0.373888889,0.382864706,0.8126,0.517063636,0.434896296
18340728,0.2655125,0.385106061,0.514466667,0.529775,0.55249
18543819,0.116416667,0.282521429,0.3428,0,0.201985714
18661760,0.9533,0.765457143,0.9605,0.67745,0.839975
18816857,0.9355,0.925966667,0,0.94765,0.9437
18849303,0.658633333,0.2685,0,0,0.019
18891728,0.649772222,0.480627273,0.734825,0.705247059,0.424025
18929705,0.487266667,0.631676923,0.4416,0.784325,0.542618182
18940981,0,0.8402,0,0.8402,0
18965734,0,0.8428,0,0,0.9174
18966960,0,0.117175,0,0,0.6249
19055769,0,0.912,0,0,0
19055921,0.9441,0.4858,0.6297,0,-0.04535
19065457,0.180358781,0.263403255,0.288641667,0.389329046,0.358216463
19089919,0.499623529,0.500536842,0.2476,0.535642857,0.6323125
19093656,0.6198,0.529786667,0,0,0.541514286
19115591,0.623777778,0.494212,0.7269,0.73875,0.631109091
19139172,0.591335135,0.59864127,0.878766667,0.71464902,0.659576471
19140854,-0.35875,0.213966667,0,0.3771,0
19141659,0,0.72265,0,0,0
19188302,0.9022,0.7283,0.9022,0.695166667,0.8122
19198001,0,0.239071429,0,0.031216667,0
19217437,0.098066667,0.022275,0.3612,0,0.5106
19235706,0.9398,0.3258,0.8977,0.819225,0.29588
19235922,0.632233333,0.540271698,0.727533333,0.715714286,0.709266667
19255043,0,0.209166667,0,0,0
19266076,0,0,0,0,0.5826
19282132,0,0.90385,0,0.90385,0.9325
19296879,0.64068,0.598,0,0.618866667,0.38405
19298159,0.605866667,0.666783333,0,0.6483,0
19298236,0.9466,-0.9316,0,-0.9316,0
19306791,0.9616,0.9616,0.9616,0,0
19354324,0,0.9691,0,0,0
19354334,-0.255017857,0.017447368,0.015925,-0.21405,-0.31955
19366238,-0.0859,0.143878261,0,0.458633333,0.1196
19378023,0,0,0,0.8119,0
19378051,0,0.9817,0,0,0
19385871,0.5719,0.5994,0.7579,0.68415,0.548133333
19408458,0,0.833166667,0.9069,0.9069,0.815833333
19419656,0.61936,0.53972,0,0,0.796316667
19428924,0.28595,0,0,0,0.8155
19428971,0.60932,0.4823,0,0.091066667,0
19453528,0.044622222,0.248385714,0.9432,0.0658,0.310836364
19458650,0.955,0.708757143,0,0.5411,0.49345
19466394,0.46974,0.444563158,0.94325,0.6379,0.310357143
19466425,0.7778,0.7778,0,0,0
19501699,0.95945,0.694383333,0.9816,0.9476,0.9272
19507730,0,0.4892,0.7184,0,0
19507743,0.197566667,0.6925,0,0.6932,0.82845
19514015,0.5635,0.14515,0,0,0
19595824,0.7955,0.3242,0,0.233566667,0.36744
19595850,0.9199,0.9199,0,0.80935,0
19609586,0.215275,0.17634,0.488466667,-0.043475,-0.2086
19617431,0.67075,0.77145,0.7579,0.9803,0.49015
19634728,0.4497,0.62585,0,0.62585,0
19649590,0.9517,0.9517,0,0,0.9517
19657949,0.7384,0.289275,0.9325,0.853033333,0.77845
19681826,0,0.371925,0,0.705,0.8658
19682379,0.218336364,0.119814706,0.4927,0.069983333,-0.058544444
19682599,0,0.403575,0,0,0.8658
19707912,0,0.8737,0,0,0.8737
19728081,0.15028,-0.28625,0,0.8041,-0.5591
19728655,0.79265,0.634054545,0.4035,0.9665,0.8468
19735694,0,0.7425,0,0,0.7425
19735965,0,0,0,0.9337,0
19736973,0.143140102,0.147883784,0.0103,0.239798374,0.093926515
19776338,0.809283333,0.881975,0.9482,0.93275,0.95615
19784198,0,0,0,-0.5023,0
19786344,0.7906,0.437683333,0,0.8807,0.325814286
19802478,0.8516,0.44735,0,0,0.8176
19813415,0.607728571,0.484619048,0,0.4988,0
19828551,0.9877,0,0,0.9877,0
19842515,0,0.2481,0.1781,0.1781,0.2481
19848974,0.633066667,0.519845455,0,0.67316,0.608033333
19850063,0,-0.118475,0,0,0.0675
19850139,0,0,0,0,0.9041
19857786,-0.6249,0.7345,0,0.8481,0.82485
19886528,0.410657143,0.511491667,0,0,0.53784
19886746,0,0.9711,0.9711,0,0
19886756,0.7343,0.612228571,0,0.758266667,0.6697
19892000,0.5015375,0.483932742,0.55569,0.612139401,0.56980361
19907474,-0.6705,-0.6705,0,0,0
20001409,0.1591,0.46414,0.3182,0,0.6249
20051685,0.8718,0.8718,0,0.8718,0.8718
20056301,0,0.9583,0.77745,0,0.983
20088665,0.979,0.96045,0,0.9419,0.96045
20099277,0.9022,0,0,0,0
20100319,0.582083333,0.619353333,0.722166667,0.698653659,0.524413333
20128186,0,0.9122,0,0,0.76855
20138460,0.818933333,0.6107,0,0.5719,0.7496
20201654,0.8481,0.8869,0,0,0.8781
20254348,0.4967,0.735275,0.021666667,0.4914,0.3291
20264837,0.61696875,0.5605625,0,0.643875,0.714134783
20283735,0.5379,0.63736,0,0.5859,0.5565
20298548,0,0.670966667,0,0.7205,0
20309935,0.505716667,0.4919,0,0.875375,0.61855
20316206,0.71565,0.7845,0,0.730533333,0
20323920,0.8492125,0.639622222,0.959,0.7977125,0.583833333
20344583,0.628441176,0.521668831,0,0.700361702,0.59716087
20344744,-0.1563,0.2938,0,0.51315,0.4008
20359633,0.565498315,0.541102474,0.587742857,0.687870833,0.594414205
20365984,0.6612375,0.4697,0,0.539188889,0.485325
20861591,0,0.20095,0,0,0.34
20870003,0,0.050966667,0,0,0
20870128,0,0.43865,0,0.4754,0
20871155,0.8796,0.3089,0,0,0.8796
20878951,0,-0.1779,0,-0.1779,0
20888088,0.634228571,0.575457143,0.6084,0.83586,0.5221
20901094,0,0,0,0,0
20950063,0.6115,0.8972,0,0,0
20978019,0.8941,0.469644444,0,0.3093,0.316966667
21028122,0,0.150533333,0,-0.19085,0.079925
21054067,0.49500303,0.495746067,0,0.644761458,0.561581667
21093784,0.586948175,0.567053004,0.694875,0.63609382,0.599769718
21110066,0,-0.054116667,0,-0.054116667,0
21163958,0.721027273,0.621969091,0.810375,0.703160241,0.65957931
21164682,0,0.9001,0,0.5563,0.8505
21174245,0.0835,0.0835,0,0,0.9777
21217725,0.4215,-0.2664625,-0.13125,0.1531,-0.315
21287471,0,0.068333333,0,0,0.34635
21301793,0,0.187525,0,0.7755,0.385
21337639,0.775099083,0.696699135,0.921011111,0.82889157,0.736243671
21348821,0,0,0,0.6799,0
21356068,0.3885,0.434777778,0,0,0.875
21364025,0.55865,0.297,0,0.5267,0
21370120,0.1147,0.141590909,0.4584,0.7448,0.2382
21370586,0,0.5064,0,0.8316,0
21389053,0.294814286,-0.063308333,0,-0.041,0.606033333
21391239,0,0.9432,0,0.9432,0.9287
21400805,0,0,-0.8988,-0.8988,-0.8988
21404268,0.179964706,0.211258824,0.2633,-0.217533333,-0.181842857
21411500,0,0.386033333,0,0,0
21415209,0,0.7996,0,0.5413,0.8591
21503818,0.809422222,0.511037931,0.63512,0.857184615,0.548204167
21505518,0,0.486225,0,0.8537,0.8537
21505744,0.8591,0.54204,0,0.9058,0.42595
21507049,0.7003,0.3982,0,0.4939,0.7003
21676796,0.8658,0.500375,0,0.734,0.8271
23027584,0,0.3944,0,0.3944,0.3944
23029808,0.86362,0.781042857,0,0.80982,0.934
23082504,0.8354,0.502322222,0,0.68312,0.91025
23087233,0.9538,0.9382,0,0.9538,0.9694
23118030,0.78008,0.8806625,0,0.9029,0.853625
23138346,0.662640476,0.60378629,0.441633333,0.744389355,0.611033065
23163979,0,0,0,0.0027,0
23170559,0,0.426133333,0,0,0
23176754,0.628640741,0.544734694,0.601166667,0.759152941,0.5827
23199286,0.7506,0.62165,0,0,0.5367
23207514,0.6101,0.6101,0,0.6101,0
23217151,0,0.9507,0,0,0.9507
23219731,0.6542,0.655316667,0,0,0.604833333
23236799,0.2737,0.470772727,0,0.405677778,0
23259683,0,0.369825,0,0.4215,0.361233333
23265248,0.6098,0.584166667,0,0.75135,0.718
23293263,0.9093,0.9093,0,0,0.9093
23303565,0.88235,0.9245,0,0.88235,0
23324280,0.195133333,0.518547059,0,0.751966667,0.41435
23340296,0,-0.3062,0,0,0
23342480,0.9742,0.9742,0,0.9742,0
23347142,-0.6808,-0.159585714,-0.4588,0,-0.4995
23365914,0.9259,0.599725,0,0.6801,0.5765
23374686,0.82335,0.8677,0,0.700633333,0.72405
23381411,0.245875,0.5453,0,0.0398,0.52512
23409940,0.8934,-0.4767,0,-0.4767,0.7003
23416495,0,0.231975,0,0,0
23425633,0.56368,0.55542381,0,0.662405263,0.5832
23430124,0,0.5106,0,0,0.743
23450318,0,0,0,0.8313,0
23452214,0,0.66245,0,0,0.4615
23498807,0.9701,0.9701,0,0,0
23508229,0,0,0,0.54755,0.6115
23508230,0,0.958066667,0,0.9403,0
23521055,0.9647,0.9647,0,0,0
23587500,0.807,0.85845,0,0.807,0.9099
23611049,0.9107,0.9107,0.9107,0,0.9107
23644745,0.441333333,0.298736364,0,0.4549,-0.24635
23803387,0,0.010233333,0,0,0.7184
23845314,0.655578571,0.659478125,0.512,0.882158824,0.813330769
23845318,0.873811111,0.761231034,0.9509,0.803903448,0.8117125
23848924,0.733937037,0.624526531,0.44625,0.641789362,0.621071429
23927165,0.582252941,0.562764,0.8977,0.689615152,0.684804545
23944036,0,0.6583,0.5197,0.83655,0.6925
23956976,0.5616,0.57866,0,0.764275,0.216566667
23999792,0,0.5983,0,0.84985,0
24083802,0,0.89915,0.8724,0.9031,0
24090343,0.528723529,0.573207143,0.5859,0.727742857,0.718014286
24108695,0.5787,0.737457143,0,0.84925,0.6767
24111024,0.4337,0,0,0.8674,0.3818
24120823,0.6108,0.6052,0.7003,0.55886,0.7249
24164529,0.746433333,0.509166667,0,0.85835,0.7518
24166897,0.9538,0.960766667,0.9538,0.9519,0.9538
24193889,0.515,0.69,0,0,0
24834168,0,0.7269,0,0,0
24974013,0.865725,0.642414286,0,0.420271429,0.60802
24977970,0.60115,0.809016667,0.8479,0.745683333,0.75762
